"url","title","time"
"https://openai.com/blog/chatgpt","Introducing ChatGPT","2023-03-12 00:16:09"
"https://www.tutorialspoint.com/python_data_access/python_sqlite_cursor_object.htm","Python SQLite - Cursor Object","2023-03-12 00:10:28"
"https://www.google.com/search?q=python+cursor&oq=python+cursor+&aqs=chrome..69i57j0i13i512l9.9267j0j4&sourceid=chrome&ie=UTF-8","python cursor - Google Search","2023-03-12 00:10:20"
"https://www.psycopg.org/docs/cursor.html","The cursor class — Psycopg 2.9.5 documentation","2023-03-12 00:10:18"
"https://chat.openai.com/chat/e69759a6-5629-481f-8da5-a8e945d84bca","Chrome浏览器数据位置","2023-03-12 00:07:12"
"https://chat.openai.com/","New chat","2023-03-12 00:07:11"
"https://chat.openai.com/chat","New chat","2023-03-12 00:07:11"
"https://chat.openai.com/?__cf_chl_tk=wBCNA9zc2.pB2gJfRVuxAILWUCdYUVKzz3YMl9vf2IA-1678608429-0-gaNycGzNFhA","https://chat.openai.com","2023-03-12 00:07:10"
"https://chat.openai.com/?__cf_chl_rt_tk=wBCNA9zc2.pB2gJfRVuxAILWUCdYUVKzz3YMl9vf2IA-1678608429-0-gaNycGzNFhA","https://chat.openai.com","2023-03-12 00:07:09"
"https://www.google.com/search?q=cahtgpt&oq=cahtgpt&aqs=chrome..69i57j0i10i131i433i512l6j0i10i512l2j0i10i433i512.1559j0j7&sourceid=chrome&ie=UTF-8","cahtgpt - Google Search","2023-03-12 00:07:07"
"https://www.tutorialspoint.com/python/os_getcwd.htm","Python os.getcwd() Method","2023-03-12 00:05:50"
"https://www.google.com/search?q=os.getcwd&oq=os.getcwd&aqs=chrome..69i57j35i39j0i20i263i512j0i512l4j69i61.260j0j7&sourceid=chrome&ie=UTF-8","os.getcwd - Google Search","2023-03-12 00:05:49"
"https://github.com/GitBugKing/GitBugKing-Topic-Modelling-on-Google-Retrieval-History-for-Enhancing-User-Experience","GitBugKing/GitBugKing-Topic-Modelling-on-Google-Retrieval-History-for-Enhancing-User-Experience: 2022 MSc graduation project in UoN which is a research about NLP.","2023-03-12 00:01:41"
"https://github.com/","GitHub","2023-03-12 00:01:39"
"https://pypi.org/project/browserhistory/#:~:text=browserhistory%20is%20a%20simple%20Python,%2C%20Google%20Chrome%2C%20and%20Safari.","browserhistory · PyPI","2023-03-11 23:55:24"
"https://www.google.com/search?q=python++browserhistory&sxsrf=AJOqlzXsbMdPaot5VTGjmaw_fuaIZbetjg%3A1678607711077&ei=X4UNZPOpBI7G0PEPp6OG0AE&ved=0ahUKEwiz1deC9dX9AhUOIzQIHaeRARoQ4dUDCBA&uact=5&oq=python++browserhistory&gs_lcp=Cgxnd3Mtd2l6LXNlcnAQAzIECCMQJzIHCAAQDRCABDIICAAQCBAeEA0yCAgAEAgQHhANMggIABAIEB4QDTIFCAAQhgMyBQgAEIYDOgcIIxCwAxAnOgoIABBHENYEELADOgcIABCwAxBDOgcIIxCwAhAnOg0IABANEIAEELEDELEDOgYIABAHEB5KBAhBGABQ5gtYhBZg8xdoAXABeACAAV-IAZMFkgEBOJgBAKABAcgBCsABAQ&sclient=gws-wiz-serp","python browserhistory - Google Search","2023-03-11 23:55:18"
"https://www.google.com/search?q=browserhistory&oq=browserhistory&aqs=chrome..69i57j69i59l2j0i512l2j0i10i512j0i512j69i60.572j0j4&sourceid=chrome&ie=UTF-8","browserhistory - Google Search","2023-03-11 23:55:11"
"https://docs.python.org/3/library/stat.html","stat — Interpreting stat() results — Python 3.11.2 documentation","2023-03-11 23:46:31"
"https://www.google.com/search?q=python+os.stat&oq=python++os.stat&aqs=chrome.0.0i512l10.3436j0j7&sourceid=chrome&ie=UTF-8","python os.stat - Google Search","2023-03-11 23:46:30"
"https://docs.python.org/3/library/csv.html","csv — CSV File Reading and Writing — Python 3.11.2 documentation","2023-03-11 23:43:40"
"https://www.google.com/search?q=csv+writer&oq=csv+writer&aqs=chrome..69i57j0i67j0i10i512l8.5695j0j7&sourceid=chrome&ie=UTF-8","csv writer - Google Search","2023-03-11 23:43:37"
"https://www.google.com/search?q=python+sqlite.conn++cursor&sxsrf=AJOqlzUw2B_AdojnBhFB1zHpndn1Xt5Zig%3A1678606036444&ei=1H4NZL7jGobCkPIPwaaIgAk&ved=0ahUKEwi-nZTk7tX9AhUGIUQIHUETApAQ4dUDCBA&uact=5&oq=python+sqlite.conn++cursor&gs_lcp=Cgxnd3Mtd2l6LXNlcnAQAzIFCAAQogQyBQgAEKIEMgUIABCiBDIFCAAQogQ6CggAEEcQ1gQQsAM6BwgAELADEEM6BwgAEA0QgAQ6BggAEAcQHjoMCAAQDRCABBAUEIcCOgQIABAeOggIABAIEAcQHjoGCAAQHhANSgQIQRgAUKUJWNs_YIpCaARwAXgAgAFpiAHFCZIBBDE1LjGYAQCgAQHIAQrAAQE&sclient=gws-wiz-serp","python sqlite.conn cursor - Google Search","2023-03-11 23:27:33"
"https://www.google.com/search?q=os.getcwd()&oq=os.getcwd()&aqs=chrome..69i57j0i512l9.452j0j7&sourceid=chrome&ie=UTF-8","os.getcwd() - Google Search","2023-03-11 23:17:48"
"https://pypi.org/project/browserhistory/","browserhistory · PyPI","2023-03-11 23:05:22"
"https://digitalnomads.world/","Digital Nomad World - The Leading Global Digital Nomads Community","2023-03-11 23:05:11"
"https://www.cambly.com/en/student/history","Cambly","2023-03-11 23:02:31"
"https://www.cambly.com/en/student/tutors?lang=en","Cambly","2023-03-11 23:02:28"
"https://www.cambly.com/en/student/tutors","Cambly","2023-03-11 23:02:27"
"https://www.cambly.com/en/student/","Cambly","2023-03-11 21:13:51"
"https://www.google.com/search?q=digital+nomad&oq=digital+nomad&aqs=chrome..69i57j0i433i512j0i131i433i512j0i433i512j0i131i433i512j0i512l5.380j0j7&sourceid=chrome&ie=UTF-8","digital nomad - Google Search","2023-03-11 21:11:11"
"https://www.instagram.com/?hl=en","Instagram","2023-03-11 21:03:56"
"https://www.google.com/search?q=connex+one&oq=Connex+One&aqs=chrome.0.0i355i512j46i175i199i512l2j0i512l7.695j0j7&sourceid=chrome&ie=UTF-8","connex one - Google Search","2023-03-11 21:03:50"
"https://www.cambly.com/en/student/?#tab=all","Cambly","2023-03-11 20:43:36"
"https://www.cambly.com/en/student/?query=Dan#tab=all","Cambly","2023-03-11 20:43:36"
"https://www.cambly.com/en/student/?query=Dan#tab=online","Cambly","2023-03-11 20:43:34"
"https://www.cambly.com/en/student/classroom?tutorId=6382ee245c519bfb9a014ee3","Cambly","2023-03-11 20:43:04"
"https://www.cambly.com/en/student/tutors/6382ee245c519bfb9a014ee3","Cambly","2023-03-11 20:42:35"
"https://www.cambly.com/en/student/tutors/6382ee245c519bfb9a014ee3?lang=en","Cambly","2023-03-11 20:42:35"
"https://www.cambly.com/en/student/tutors/Ankit.BK","Cambly","2023-03-11 20:41:51"
"https://www.cambly.com/en/student/tutors/Ankit.BK?lang=en","Cambly","2023-03-11 20:41:51"
"https://www.cambly.com/en/student/tutors/616fbc3505374b8c27c964fb","Cambly","2023-03-11 20:41:10"
"https://www.cambly.com/en/student/tutors/616fbc3505374b8c27c964fb?lang=en","Cambly","2023-03-11 20:41:10"
"https://www.cambly.com/en/student/tutors?#tab=online","Cambly","2023-03-11 20:40:37"
"https://www.cambly.com/en/student/tutors?query=IELTS#tab=online","Cambly","2023-03-11 20:40:26"
"https://www.cambly.com/en/student/tutors/603f45006ceededeefd21580","Cambly","2023-03-11 20:39:26"
"https://www.cambly.com/en/student/tutors/603f45006ceededeefd21580?lang=en","Cambly","2023-03-11 20:39:26"
"https://www.cambly.com/en/student/tutors?#tab=favorites","Cambly","2023-03-11 20:39:10"
"https://www.cambly.com/student/login?redirect=https%3A%2F%2Fwww.cambly.com%2Fen%2Fstudent%2Ftutors","English Tutors Online - Cambly","2023-03-11 20:38:13"
"https://www.cambly.com/student/login?redirect=https%3A%2F%2Fwww.cambly.com%2Fen%2Fstudent%2Ftutors&lang=en","English Tutors Online - Cambly","2023-03-11 20:38:13"
"https://www.google.com/search?q=write_browserhistory_csv&oq=write_browserhistory_csv&aqs=chrome..69i57j69i59l2.491j0j7&sourceid=chrome&ie=UTF-8","write_browserhistory_csv - Google Search","2023-03-11 20:36:23"
"https://www.google.com/search?q=def+get_database_paths()+-%3E+dict%3A&oq=def+get_database_paths()+-%3E+dict%3A&aqs=chrome..69i57.818j0j7&sourceid=chrome&ie=UTF-8","def get_database_paths() -> dict: - Google Search","2023-03-11 20:31:36"
"https://realpython.com/python-dicts/","Dictionaries in Python – Real Python","2023-03-11 20:31:25"
"https://chat.openai.com/?__cf_chl_tk=xSKkOw0QRG.jh1o_xY3nse46Oibb2KJffhnHA9Cojck-1678593535-0-gaNycGzNFfs","https://chat.openai.com","2023-03-11 19:58:56"
"https://chat.openai.com/?__cf_chl_rt_tk=xSKkOw0QRG.jh1o_xY3nse46Oibb2KJffhnHA9Cojck-1678593535-0-gaNycGzNFfs","https://chat.openai.com","2023-03-11 19:58:55"
"https://www.google.com/search?q=chatgpt&oq=chatgpt&aqs=chrome.0.69i59j0i131i433i512l4j69i60l3.3057j0j7&sourceid=chrome&ie=UTF-8","chatgpt - Google Search","2023-03-11 19:58:52"
"https://github.com/GitBugKing","GitBugKing (GitBugKing)","2023-03-11 19:43:29"
"https://github.com/Vis4Sense/msc-projects-2022/blob/main/ZhengLiu/conteModFit.ipynb","msc-projects-2022/conteModFit.ipynb at main · Vis4Sense/msc-projects-2022","2023-03-11 19:43:14"
"https://github.com/Vis4Sense","vis4sense","2023-03-11 19:43:14"
"https://github.com/Vis4Sense/msc-projects-2022/tree/main/ZhengLiu","msc-projects-2022/ZhengLiu at main · Vis4Sense/msc-projects-2022","2023-03-11 19:42:59"
"https://github.com/Vis4Sense/msc-projects-2022","Vis4Sense/msc-projects-2022: This is the common repository for all the MSc projects that Kai supervises in summer 2022.","2023-03-11 19:42:56"
"https://en.wikipedia.org/wiki/Darwin_(operating_system)","Darwin (operating system) - Wikipedia","2023-03-11 19:38:48"
"https://www.google.com/search?q=os+x+darwin&oq=os+x+darwin&aqs=chrome..69i57j0i22i30l9.784j0j4&sourceid=chrome&ie=UTF-8","os x darwin - Google Search","2023-03-11 19:38:46"
"https://stackoverflow.com/questions/16721940/why-when-use-sys-platform-on-mac-os-it-print-darwin","python - Why when use sys.platform on Mac os it print ""darwin""? - Stack Overflow","2023-03-11 19:38:23"
"https://www.google.com/search?q=python+darwin&sxsrf=AJOqlzXbQZ_Ldog7-LNA8cS76TYEjtNMSA%3A1678592291690&ei=I0kNZIXoKceMur8P9vKboAs&ved=0ahUKEwjFhZPKu9X9AhVHhu4BHXb5BrQQ4dUDCBA&uact=5&oq=python+darwin&gs_lcp=Cgxnd3Mtd2l6LXNlcnAQAzIFCAAQkQIyBggAEAcQHjIGCAAQBxAeMgYIABAHEB4yBggAEAcQHjIICAAQBxAeEAoyBwgAEA0QgAQyBggAEAUQHjIGCAAQBRAeMgYIABAFEB46CggAEEcQ1gQQsAM6BwgAELADEEM6DQgAEOQCENYEELADGAE6DwguENQCEMgDELADEEMYAjoMCC4QyAMQsAMQQxgCOgcIIxCxAhAnOgsIABAHEB4Q8QQQCjoICAAQCBAHEB5KBAhBGABQohJY5BlgxhtoAXABeACAAVWIAZIEkgEBN5gBAKABAcgBE8ABAdoBBggBEAEYCdoBBggCEAEYCA&sclient=gws-wiz-serp","python darwin - Google Search","2023-03-11 19:38:19"
"https://www.google.com/search?q=darwin&oq=darwin&aqs=chrome..69i57j46i433i512j0i20i263i512j46i433i512j0i131i433j0i433i512l2j46i131i433j0i512j46i433i512.1456j0j4&sourceid=chrome&ie=UTF-8","darwin - Google Search","2023-03-11 19:38:12"
"https://www.geeksforgeeks.org/os-module-python-examples/","OS Module in Python with Examples - GeeksforGeeks","2023-03-11 19:37:03"
"https://www.google.com/search?q=python+os&sxsrf=AJOqlzUtjVYRR87itsXX-jPNYgVVJ-QBlQ%3A1678592162552&ei=okgNZKiyId_ekPIPttmUqA8&ved=0ahUKEwioi8mMu9X9AhVfL0QIHbYsBfUQ4dUDCBA&uact=5&oq=python+os&gs_lcp=Cgxnd3Mtd2l6LXNlcnAQAzIICAAQsQMQkQIyBQgAEJECMgUIABCRAjIFCAAQkQIyBQgAEIAEMgUIABCABDIFCAAQgAQyBQgAEIAEMgUIABCABDIICAAQgAQQsQM6CggAEEcQ1gQQsAM6BwgAELADEENKBAhBGABQ2QRY2QRg4wloAnABeACAAVCIAVCSAQExmAEAoAECoAEByAEKwAEB&sclient=gws-wiz-serp","python os - Google Search","2023-03-11 19:36:57"
"https://www.google.com/search?q=python+csv&sxsrf=AJOqlzVKLXWX2qAmcBHibqOGrqsf18rp4A%3A1678591956767&ei=1EcNZL-7LsH0kPIPrYOPgAI&ved=0ahUKEwi_9biqutX9AhVBOkQIHa3BAyAQ4dUDCBA&uact=5&oq=python+csv&gs_lcp=Cgxnd3Mtd2l6LXNlcnAQAzIICAAQgAQQsQMyCAgAEIAEELEDMggIABCABBCxAzIFCAAQgAQyBQgAEIAEMgUIABCABDIFCAAQgAQyBQgAEIAEMgUIABCABDIFCAAQgAQ6CggAEEcQ1gQQsAM6BwgAELADEENKBAhBGABQygZYygZgqQ9oAnABeACAAUiIAUiSAQExmAEAoAECoAEByAEKwAEB&sclient=gws-wiz-serp","python csv - Google Search","2023-03-11 19:36:03"
"https://www.google.com/search?q=python+sqlite&sxsrf=AJOqlzWdjjI8dnqCCyZB8RK-CPmIES1N8g%3A1678591713220&ei=4UYNZO_jDKSF0PEPreqyWA&oq=python+sql&gs_lcp=Cgxnd3Mtd2l6LXNlcnAQAxgAMggIABCxAxCRAjIFCAAQkQIyCAgAEIAEELEDMggIABCABBCxAzIFCAAQgAQyBQgAEIAEMgUIABCABDIFCAAQgAQyBQgAEIAEMgUIABCABDoKCAAQRxDWBBCwAzoHCAAQsAMQQzoECCMQJzoHCAAQsQMQQzoECAAQQ0oECEEYAFDzBVjgB2CEGWgCcAF4AIABTogB1gGSAQEzmAEAoAEByAEKwAEB&sclient=gws-wiz-serp","python sqlite - Google Search","2023-03-11 19:35:58"
"https://www.geeksforgeeks.org/python-sqlite/","Python SQLite - GeeksforGeeks","2023-03-11 19:34:45"
"https://docs.python.org/3/library/sqlite3.html","sqlite3 — DB-API 2.0 interface for SQLite databases — Python 3.11.2 documentation","2023-03-11 19:32:49"
"https://www.google.com/search?q=python+sys&sxsrf=AJOqlzUH7bWvNbhxmfCRKpvpbGZTKIgxfA%3A1678591662827&ei=rkYNZIuVMr2Pur8P4aSV2A0&ved=0ahUKEwiLpKSeudX9AhW9h-4BHWFSBdsQ4dUDCBA&uact=5&oq=python+sys&gs_lcp=Cgxnd3Mtd2l6LXNlcnAQAzIECCMQJzIFCAAQgAQyBQgAEIAEMgUIABCRAjIFCAAQgAQyBQgAEJECMgUIABCABDIFCAAQgAQyBQgAEIAEMgUIABCABDoKCAAQRxDWBBCwAzoICAAQgAQQsQM6CwgAEIAEELEDEIMBSgQIQRgAUNUnWPMqYLcuaAJwAXgAgAFqiAH-AZIBAzIuMZgBAKABAcgBBcABAQ&sclient=gws-wiz-serp","python sys - Google Search","2023-03-11 19:32:31"
"https://www.geeksforgeeks.org/python-sys-module/","Python sys Module - GeeksforGeeks","2023-03-11 19:29:17"
"https://www.google.com/search?q=python+browserhistory&sxsrf=AJOqlzW90FMu6GsPTEXHnHPjkQzBgnIzig%3A1678591647864&ei=n0YNZO6xNJmTur8PvZOPEA&ved=0ahUKEwiu_ZKXudX9AhWZie4BHb3JAwIQ4dUDCBA&uact=5&oq=python+browserhistory&gs_lcp=Cgxnd3Mtd2l6LXNlcnAQAzIHCAAQDRCABDIICAAQCBAeEA0yCAgAEAgQHhANMggIABAIEB4QDTIFCAAQhgMyBQgAEIYDOgcIIxCwAxAnOgoIABBHENYEELADOgcIABCwAxBDOgQIIxAnOgUIABCRAjoGCAAQBxAeOgUIABCABDoHCCMQsAIQJzoHCAAQgAQQDUoECEEYAFC1GljRNGDuNmgCcAF4AIABaYgBuwWSAQM2LjKYAQCgAQHIAQrAAQE&sclient=gws-wiz-serp","python browserhistory - Google Search","2023-03-11 19:28:57"
"https://www.google.com/search?q=python+sys&sxsrf=AJOqlzUH7bWvNbhxmfCRKpvpbGZTKIgxfA%3A1678591662827&ei=rkYNZIuVMr2Pur8P4aSV2A0&ved=0ahUKEwiLpKSeudX9AhW9h-4BHWFSBdsQ4dUDCBA&uact=5&oq=python+sys&gs_lcp=Cgxnd3Mtd2l6LXNlcnAQAzIICAAQsQMQkQIyBQgAEJECMgUIABCRAjIFCAAQgAQyBQgAEIAEMgUIABCABDIFCAAQgAQyBQgAEIAEMgoIABCABBAUEIcCMgUIABCABDoKCAAQRxDWBBCwAzoICAAQgAQQsQM6CwgAEIAEELEDEIMBSgQIQRgAUMUHWKUJYNcKaAJwAXgAgAGUAYgBwQKSAQMyLjGYAQCgAQHIAQXAAQE&sclient=gws-wiz-serp","python sys - Google Search","2023-03-11 19:28:33"
"https://www.google.com/search?q=browser+history&sxsrf=AJOqlzWEmBjXpdiuQN8ukVrUZHIVQee8Sg%3A1678591642718&ei=mkYNZPHDK-iekPIPpaqeyAg&ved=0ahUKEwjx-NiUudX9AhVoD0QIHSWVB4kQ4dUDCBA&uact=5&oq=browser+history&gs_lcp=Cgxnd3Mtd2l6LXNlcnAQAzIECCMQJzIICAAQgAQQsQMyBQgAEJECMgUIABCRAjIFCAAQkQIyBQgAEJECMgUIABCABDIFCAAQgAQyBQgAEIAEMgUIABCABDoKCAAQRxDWBBCwAzoGCAAQFhAeOgoIABCABBAUEIcCOgUILhCABEoECEEYAFDiCViiEmDNFGgCcAF4AIABVYgBtwKSAQE0mAEAoAEByAEIwAEB&sclient=gws-wiz-serp","browser history - Google Search","2023-03-11 19:27:28"
"https://www.google.com/search?q=browser+history+file+path+on+macos+ventura&oq=browser+history&aqs=chrome.0.69i59j69i57j0i512l3j69i60l3.6996j0j7&sourceid=chrome&ie=UTF-8","browser history file path on macos ventura - Google Search","2023-03-11 19:27:23"
"https://chrome.google.com/webstore/category/extensions","Chrome Web Store - Extensions","2023-03-11 17:41:04"
"https://chrome.google.com/webstore/detail/eollffkcakegifhacjnlnegohfdlidhn","Voice Control for ChatGPT - Chrome Web Store","2023-03-11 17:40:56"
"https://chrome.google.com/webstore/detail/voice-control-for-chatgpt/eollffkcakegifhacjnlnegohfdlidhn","Voice Control for ChatGPT - Chrome Web Store","2023-03-11 17:40:56"
"https://accounts.google.com/signin/oauth/consent?authuser=0&part=AJi8hAO-PFMvdeNENPIulEWo7FfbRxT1YshF5gb00QMI0Ie4CHP_r5bBIK0eObswSmmoJCioL-B9JSGzFo0wpzaH7qsl7QlTrvjCzeneFCN0dM9seLIyZMbSKpvuOP9a1qv4ydEFDmeaIRl2sgd-2fw7N4HR5fQeXPncUNibmE_Rw2bSvBFX0TeYmXO4WZu5cl7GbX_ZqlmOnCrPyeipxVWoNfR0MQhfrQY1ezg_4r6bYO2eei1gP8i1HZ6MOftDgJjSHZkhdFbCOPXlskDNnldElA5XOuseiGyGaovRRaVyvUNPUIO5aB1cW6GK9K2ZXny15cZ5PCqGIg0Himys1zNhB43fC7D_f5Ysp82c6yDcjlZhrbHul0bwHNomfXbONFL6v-6FZdzJlYzRRITx9HBLd7hEKQji1bK1d32YHudPdhZLaIwpa5D52nVg3t0g_1yfgntjNhnOymAOFqyg0CYyHMiUq4sIaA&as=S-1626659095%3A1678585150425923&client_id=799222349882-ne3i0s9jdm5s0p7ll2d7tlsi1vc1halt.apps.googleusercontent.com&pli=1&rapt=AEjHL4M6PTGYeIci6hbWPgmyG2BDkxvvsm6gqZzlNnVv7fVTNYnxytabbST0Jmnp4sh16W5RoevKRtI4aXGrRxQG120w1l0APw#","New chat","2023-03-11 17:39:14"
"https://auth0.openai.com/login/callback?state=q-EiXvc64TS7dGEqsJqEaWN50uHnLvQs&code=4%2F0AWtgzh67NKRdob_Ppve0WNr-3uI4Soil-ZfpT5e_05A0K1fDwxNRUu9jnVZeLioB_otaYA&scope=email+profile+https%3A%2F%2Fwww.googleapis.com%2Fauth%2Fuserinfo.email+https%3A%2F%2Fwww.googleapis.com%2Fauth%2Fuserinfo.profile+openid&authuser=0&prompt=none","New chat","2023-03-11 17:39:14"
"https://auth0.openai.com/authorize/resume?state=iuIF6XGMXmp7_UVid-BvY-FG3nFGm6Ne","New chat","2023-03-11 17:39:14"
"https://chat.openai.com/api/auth/callback/auth0?code=_YynyZPRhC2HiT_49BtQVXLQAYv80__K_IZp_kfS9Q8f1&state=BjzHlhWQbKkxBGHknPkALTpFUu-l26AK4Y5xSJvSI4I","New chat","2023-03-11 17:39:14"
"https://accounts.google.com/o/oauth2/auth?login_hint=&prompt=login&response_type=code&redirect_uri=https%3A%2F%2Fauth0.openai.com%2Flogin%2Fcallback&scope=email%20profile&state=q-EiXvc64TS7dGEqsJqEaWN50uHnLvQs&client_id=799222349882-ne3i0s9jdm5s0p7ll2d7tlsi1vc1halt.apps.googleusercontent.com","Sign in – Google accounts","2023-03-11 17:39:10"
"https://accounts.google.com/o/oauth2/auth?login_hint&prompt=login&response_type=code&redirect_uri=https%3A%2F%2Fauth0.openai.com%2Flogin%2Fcallback&scope=email%20profile&state=q-EiXvc64TS7dGEqsJqEaWN50uHnLvQs&client_id=799222349882-ne3i0s9jdm5s0p7ll2d7tlsi1vc1halt.apps.googleusercontent.com&service=lso&o2v=1","Sign in – Google accounts","2023-03-11 17:39:10"
"https://accounts.google.com/o/oauth2/auth/oauthchooseaccount?login_hint&prompt=login&response_type=code&redirect_uri=https%3A%2F%2Fauth0.openai.com%2Flogin%2Fcallback&scope=email%20profile&state=q-EiXvc64TS7dGEqsJqEaWN50uHnLvQs&client_id=799222349882-ne3i0s9jdm5s0p7ll2d7tlsi1vc1halt.apps.googleusercontent.com&service=lso&o2v=1&flowName=GeneralOAuthFlow","Sign in – Google accounts","2023-03-11 17:39:10"
"https://auth0.openai.com/u/login/identifier?state=hKFo2SAzaFBHY1J4cTJINXdaenh5RjJRM0F0Q0VKUkhwVDljUqFur3VuaXZlcnNhbC1sb2dpbqN0aWTZIGl1SUY2WEdNWG1wN19VVmlkLUJ2WS1GRzNuRkdtNk5lo2NpZNkgVGRKSWNiZTE2V29USHROOTVueXl3aDVFNHlPbzZJdEc","","2023-03-11 17:39:06"
"https://auth0.openai.com/u/login/password?state=hKFo2SAzaFBHY1J4cTJINXdaenh5RjJRM0F0Q0VKUkhwVDljUqFur3VuaXZlcnNhbC1sb2dpbqN0aWTZIGl1SUY2WEdNWG1wN19VVmlkLUJ2WS1GRzNuRkdtNk5lo2NpZNkgVGRKSWNiZTE2V29USHROOTVueXl3aDVFNHlPbzZJdEc","auth0.openai.com","2023-03-11 17:38:30"
"https://auth0.openai.com/authorize?client_id=TdJIcbe16WoTHtN95nyywh5E4yOo6ItG&scope=openid%20email%20profile%20offline_access%20model.request%20model.read%20organization.read&response_type=code&redirect_uri=https%3A%2F%2Fchat.openai.com%2Fapi%2Fauth%2Fcallback%2Fauth0&audience=https%3A%2F%2Fapi.openai.com%2Fv1&prompt=login&state=BjzHlhWQbKkxBGHknPkALTpFUu-l26AK4Y5xSJvSI4I&code_challenge=rC4Kuu8wytswJ7yddtLknAB-XCIDYLwn-XkKTRmjVJg&code_challenge_method=S256","","2023-03-11 17:38:04"
"https://chat.openai.com/auth/login?next=%2Fchat","ChatGPT | OpenAI","2023-03-11 17:38:03"
"https://chat.openai.com/?__cf_chl_tk=4.EzHZJP5R0MvHZ3fR2WqVhEGZvEGIwFyfqQAKY13bU-1678585079-0-gaNycGzNFeU","https://chat.openai.com","2023-03-11 17:38:00"
"https://chat.openai.com/?__cf_chl_rt_tk=4.EzHZJP5R0MvHZ3fR2WqVhEGZvEGIwFyfqQAKY13bU-1678585079-0-gaNycGzNFeU","https://chat.openai.com","2023-03-11 17:37:59"
"https://www.google.com/search?q=chatgpt&oq=chatgpt&aqs=chrome.0.69i59j0i67i131i433j0i67j0i131i433i512l2j0i67i131i433j69i60l2.3389j0j7&sourceid=chrome&ie=UTF-8","chatgpt - Google Search","2023-03-11 17:37:55"
"https://www.google.com/search?q=application+support%E9%87%8C%E9%9D%A2%E6%B2%A1%E6%9C%89Google+Chrome%E7%9A%84%E6%95%B0%E6%8D%AE&sxsrf=AJOqlzVWN-nqZeJV1EhdSsAtPJ00_55aeg%3A1678584729352&ei=mSsNZOyOFdLP0PEP-vi5oAQ&ved=0ahUKEwisv5K0n9X9AhXSJzQIHXp8DkQQ4dUDCBA&uact=5&oq=application+support%E9%87%8C%E9%9D%A2%E6%B2%A1%E6%9C%89Google+Chrome%E7%9A%84%E6%95%B0%E6%8D%AE&gs_lcp=Cgxnd3Mtd2l6LXNlcnAQAzIFCAAQogQyBQgAEKIEOggIABCiBBCwAzoFCCEQoAE6BgghEAoQKjoJCCEQoAEQChAqOgcIIRCgARAKSgQIQRgBUJ8GWPA1YN02aARwAHgAgAG_AogBoSaSAQg0LjE5LjcuMZgBAKABAcgBAsABAQ&sclient=gws-wiz-serp","application support里面没有Google Chrome的数据 - Google Search","2023-03-11 17:32:56"
"https://www.google.com/search?q=application+support%E9%87%8C%E9%9D%A2%E7%BC%BA%E4%BA%86%E5%BE%88%E5%A4%9A%E6%96%87%E4%BB%B6&sxsrf=AJOqlzVWN-nqZeJV1EhdSsAtPJ00_55aeg%3A1678584729352&ei=mSsNZOyOFdLP0PEP-vi5oAQ&oq=&gs_lcp=Cgxnd3Mtd2l6LXNlcnAQARgAMgcIIxDqAhAnMgcIIxDqAhAnMgcIIxDqAhAnMgcIIxDqAhAnMgcIIxDqAhAnMgcIIxDqAhAnMgcIIxDqAhAnMgcIIxDqAhAnMgcIIxDqAhAnMgcIIxDqAhAnMg0IABCPARDqAhC0AhgBMg0IABCPARDqAhC0AhgBMg0IABCPARDqAhC0AhgBMg0IABCPARDqAhC0AhgBMg0IABCPARDqAhC0AhgBMg0IABCPARDqAhC0AhgBMg0IABCPARDqAhC0AhgBMg0IABCPARDqAhC0AhgBMg0IABCPARDqAhC0AhgBMg0IABCPARDqAhC0AhgBOggIABCiBBCwAzoECCMQJzoFCAAQkQI6CwgAEIAEELEDEIMBOhEILhCABBCxAxCDARDHARDRA0oECEEYAVDjCljuFWD_JWgCcAB4AIABbIgBbJIBAzAuMZgBAKABAbABFMgBAsABAdoBBggBEAEYCg&sclient=gws-wiz-serp","application support里面缺了很多文件 - Google Search","2023-03-11 17:32:47"
"https://www.google.com/search?q=application+support%E9%87%8C%E9%9D%A2%E7%BC%BA%E4%BA%86%E5%BE%88%E5%A4%9A%E6%96%87%E4%BB%B6&oq=application+support%E9%87%8C%E9%9D%A2%E7%BC%BA%E4%BA%86%E5%BE%88%E5%A4%9A%E6%96%87%E4%BB%B6&aqs=chrome..69i57j33i160l2.8584j0j15&sourceid=chrome&ie=UTF-8#ip=1","application support里面缺了很多文件 - Google Search","2023-03-11 17:32:41"
"https://zhidao.baidu.com/question/180850817596892764.html","application support文件夾的作用_百度知道","2023-03-11 17:32:30"
"https://www.google.com/search?q=application+support%E9%87%8C%E9%9D%A2%E7%BC%BA%E4%BA%86%E5%BE%88%E5%A4%9A%E6%96%87%E4%BB%B6&oq=application+support%E9%87%8C%E9%9D%A2%E7%BC%BA%E4%BA%86%E5%BE%88%E5%A4%9A%E6%96%87%E4%BB%B6&aqs=chrome..69i57j33i160l2.8584j0j15&sourceid=chrome&ie=UTF-8","application support里面缺了很多文件 - Google Search","2023-03-11 17:32:10"
"https://discussions.apple.com/thread/8470247","I don't have a right to open ApplePushSer… - Apple Community","2023-03-11 17:29:02"
"https://www.google.com/search?q=applepushservice&oq=Applepush&aqs=chrome.1.69i57j0i512j0i10i512l3j0i512j0i10i512l4.4335j0j7&sourceid=chrome&ie=UTF-8","applepushservice - Google Search","2023-03-11 17:28:09"
"https://blog.csdn.net/weiyuanke/article/details/89515318","chrome 导出历史访问记录_导出历史浏览记录_韦远科的博客-CSDN博客","2023-03-11 17:25:53"
"https://blog.csdn.net/qq_39938666/article/details/120157701","进 /user/用户名/Library/Application Support/_乒乒乓乓丫的博客-CSDN博客","2023-03-11 17:25:53"
"https://blog.csdn.net/qq_32824605/article/details/127504219?spm=1001.2101.3001.6661.1&utm_medium=distribute.pc_relevant_t0.none-task-blog-2%7Edefault%7ECTRLIST%7ERate-1-127504219-blog-89515318.pc_relevant_multi_platform_whitelistv3&depth_1-utm_source=distribute.pc_relevant_t0.none-task-blog-2%7Edefault%7ECTRLIST%7ERate-1-127504219-blog-89515318.pc_relevant_multi_platform_whitelistv3&utm_relevant_index=1","如何快速、批量导出谷歌浏览器里的历史记录_chrome导出历史记录_薛定谔的猫喵喵的博客-CSDN博客","2023-03-11 17:25:53"
"https://www.quora.com/ApplePushService-folder-with-a-red-circle-and-a-minus-sign-in-library-application-support-I-know-the-sign-means-I-dont-have-access-to-it-I-just-want-to-delete-the-file-because-it-is-a-virus-and-keeps-reappearing","ApplePushService folder with a red circle and a minus sign in /library/application support/. I know the sign means I don't have access to it, I just want to delete the file because it is a virus and keeps reappearing after I delete it.What can I do? - Quora","2023-03-11 17:25:49"
"https://guard.io/lp?n=malware&utm_source=quora&utm_medium=paid&utm_campaign=q39&utm_term=qanswers","Experience a cleaner, safer web | Guardio","2023-03-11 17:22:17"
"https://www.quora.com/?pa_story=MzM3MDE0Mjc1NjYxMzE2NzU1fDIxMTEwNjIzNjY0NzU3NXww","知乎","2023-03-11 17:21:29"
"https://www.google.com/search?q=mac+application+support%E6%96%87%E4%BB%B6%E5%A4%B9%E4%B8%8B%E6%89%BE%E4%B8%8D%E5%88%B0Google&oq=mac++application+support%E6%96%87%E4%BB%B6%E5%A4%B9%E4%B8%8B%E6%89%BE%E4%B8%8D%E5%88%B0Google&aqs=chrome..69i57j0i30i546.14300j0j7&sourceid=chrome&ie=UTF-8","mac application support文件夹下找不到Google - Google Search","2023-03-11 16:48:14"
"https://blog.csdn.net/weixin_38025168/article/details/120290456","mac下 找到google系的软件安装和配置文件位置_mac 找到google位置_jq@520的博客-CSDN博客","2023-03-11 16:48:05"
"https://www.google.com/search?q=macOS+Google%E6%B5%8F%E8%A7%88%E5%99%A8%E7%9A%84%E5%8E%86%E5%8F%B2%E6%95%B0%E6%8D%AE%E5%BA%93%E6%96%87%E4%BB%B6&sxsrf=AJOqlzXxMGEGADIVUoF3t4zfkMQBDb9dUw%3A1678582001417&ei=8SANZJ2QGeWZkPIPq_qBoAw&ved=0ahUKEwjdzK6fldX9AhXlDEQIHSt9AMQQ4dUDCBA&uact=5&oq=macOS+Google%E6%B5%8F%E8%A7%88%E5%99%A8%E7%9A%84%E5%8E%86%E5%8F%B2%E6%95%B0%E6%8D%AE%E5%BA%93%E6%96%87%E4%BB%B6&gs_lcp=Cgxnd3Mtd2l6LXNlcnAQAzIFCAAQogQyBQgAEKIEMgUIABCiBDoICAAQogQQsANKBAhBGAFQiwNYiwNgkwxoAXAAeACAAVyIAVySAQExmAEAoAEByAEFwAEB&sclient=gws-wiz-serp","macOS Google浏览器的历史数据库文件 - Google Search","2023-03-11 16:47:19"
"https://www.google.com/search?q=macOS+Ventura++Google%E6%B5%8F%E8%A7%88%E5%99%A8%E7%9A%84%E5%8E%86%E5%8F%B2%E6%95%B0%E6%8D%AE%E5%BA%93%E6%96%87%E4%BB%B6&sxsrf=AJOqlzUUjwXwjA7Mk0-hHpyZCFdJ8UgKWw%3A1678581959360&ei=xyANZLLXFbmmkPIP2Y2KkAs&ved=0ahUKEwjy1qeLldX9AhU5E0QIHdmGArIQ4dUDCBA&uact=5&oq=macOS+Ventura++Google%E6%B5%8F%E8%A7%88%E5%99%A8%E7%9A%84%E5%8E%86%E5%8F%B2%E6%95%B0%E6%8D%AE%E5%BA%93%E6%96%87%E4%BB%B6&gs_lcp=Cgxnd3Mtd2l6LXNlcnAQAzIFCAAQogQyBQgAEKIEMgUIABCiBDIFCAAQogQ6CAgAEKIEELADOgoIABAeEKIEELADOgcIABAeEKIESgQIQRgBUIAHWM1HYLhraANwAHgBgAGjAogB3R-SAQYzLjEzLjiYAQCgAQHIAQXAAQE&sclient=gws-wiz-serp#ip=1","macOS Ventura Google浏览器的历史数据库文件 - Google Search","2023-03-11 16:46:51"
"https://www.google.com/search?q=macOS+Ventura++Google%E6%B5%8F%E8%A7%88%E5%99%A8%E7%9A%84%E5%8E%86%E5%8F%B2%E6%95%B0%E6%8D%AE%E5%BA%93%E6%96%87%E4%BB%B6&sxsrf=AJOqlzUUjwXwjA7Mk0-hHpyZCFdJ8UgKWw%3A1678581959360&ei=xyANZLLXFbmmkPIP2Y2KkAs&ved=0ahUKEwjy1qeLldX9AhU5E0QIHdmGArIQ4dUDCBA&uact=5&oq=macOS+Ventura++Google%E6%B5%8F%E8%A7%88%E5%99%A8%E7%9A%84%E5%8E%86%E5%8F%B2%E6%95%B0%E6%8D%AE%E5%BA%93%E6%96%87%E4%BB%B6&gs_lcp=Cgxnd3Mtd2l6LXNlcnAQAzIFCAAQogQyBQgAEKIEMgUIABCiBDIFCAAQogQ6CAgAEKIEELADOgoIABAeEKIEELADOgcIABAeEKIESgQIQRgBUIAHWM1HYLhraANwAHgBgAGjAogB3R-SAQYzLjEzLjiYAQCgAQHIAQXAAQE&sclient=gws-wiz-serp","macOS Ventura Google浏览器的历史数据库文件 - Google Search","2023-03-11 16:46:41"
"https://www.google.com/search?q=macOS+Ventura++%E6%89%BE%E4%B8%8D%E5%88%B0%E6%B5%8F%E8%A7%88%E5%99%A8%E5%8E%86%E5%8F%B2%E6%95%B0%E6%8D%AE%E5%BA%93%E6%96%87%E4%BB%B6&sxsrf=AJOqlzVChqZm20WT0jPMgB4perZHN72uRg%3A1678581927860&ei=pyANZNSHNIejkPIP_eexsAo&ved=0ahUKEwiU96T8lNX9AhWHEUQIHf1zDKYQ4dUDCBA&uact=5&oq=macOS+Ventura++%E6%89%BE%E4%B8%8D%E5%88%B0%E6%B5%8F%E8%A7%88%E5%99%A8%E5%8E%86%E5%8F%B2%E6%95%B0%E6%8D%AE%E5%BA%93%E6%96%87%E4%BB%B6&gs_lcp=Cgxnd3Mtd2l6LXNlcnAQAzIFCAAQogQyBQgAEKIEMgcIABAeEKIEMgUIABCiBDoKCAAQRxDWBBCwAzoECCMQJzoHCAAQsQMQQzoFCAAQgAQ6CAgAEIAEELEDOggIABCABBDLAToFCCEQoAE6BwghEKABEAo6BQghEKsCSgQIQRgAUMArWOeXAWCVmQFoB3ABeACAAZQBiAH9KZIBBTExLjM4mAEAoAEByAEDwAEB&sclient=gws-wiz-serp#ip=1","macOS Ventura 找不到浏览器历史数据库文件 - Google Search","2023-03-11 16:46:03"
"https://www.google.com/search?q=macOS+Ventura++%E6%89%BE%E4%B8%8D%E5%88%B0%E6%B5%8F%E8%A7%88%E5%99%A8%E5%8E%86%E5%8F%B2%E6%95%B0%E6%8D%AE%E5%BA%93%E6%96%87%E4%BB%B6&sxsrf=AJOqlzVChqZm20WT0jPMgB4perZHN72uRg%3A1678581927860&ei=pyANZNSHNIejkPIP_eexsAo&ved=0ahUKEwiU96T8lNX9AhWHEUQIHf1zDKYQ4dUDCBA&uact=5&oq=macOS+Ventura++%E6%89%BE%E4%B8%8D%E5%88%B0%E6%B5%8F%E8%A7%88%E5%99%A8%E5%8E%86%E5%8F%B2%E6%95%B0%E6%8D%AE%E5%BA%93%E6%96%87%E4%BB%B6&gs_lcp=Cgxnd3Mtd2l6LXNlcnAQAzIFCAAQogQyBQgAEKIEMgcIABAeEKIEMgUIABCiBDoKCAAQRxDWBBCwAzoECCMQJzoHCAAQsQMQQzoFCAAQgAQ6CAgAEIAEELEDOggIABCABBDLAToFCCEQoAE6BwghEKABEAo6BQghEKsCSgQIQRgAUMArWOeXAWCVmQFoB3ABeACAAZQBiAH9KZIBBTExLjM4mAEAoAEByAEDwAEB&sclient=gws-wiz-serp","macOS Ventura 找不到浏览器历史数据库文件 - Google Search","2023-03-11 16:45:59"
"https://www.google.com/search?q=application+support+Google%2FChrome+macOS+Ventura&sxsrf=AJOqlzVVoC86uEczn3mhubb_ZQQ-1Hbigw%3A1678581885476&ei=fSANZMDVHOvEkPIPr8y-uA4&ved=0ahUKEwiAiIrolNX9AhVrIkQIHS-mD-cQ4dUDCBA&uact=5&oq=application+support+Google%2FChrome+macOS+Ventura&gs_lcp=Cgxnd3Mtd2l6LXNlcnAQAzIICCEQoAEQwwQyCAghEKABEMMEOgoIABBHENYEELADSgQIQRgAUK8GWK8GYNQLaAFwAXgAgAFkiAFkkgEDMC4xmAEAoAECoAEByAEIwAEB&sclient=gws-wiz-serp","application support Google/Chrome macOS Ventura - Google Search","2023-03-11 16:45:28"
"https://www.google.com/search?q=application+support++macOS+Ventura&sxsrf=AJOqlzX17px1HMasN-XPCtAau-gy7XEOtg%3A1678581849099&ei=WSANZPLTBdKhkPIPlcuEwA4&ved=0ahUKEwiy5N3WlNX9AhXSEEQIHZUlAegQ4dUDCBA&uact=5&oq=application+support++macOS+Ventura&gs_lcp=Cgxnd3Mtd2l6LXNlcnAQAzIICCEQoAEQwwQyCAghEKABEMMEOgoIABBHENYEELADOgYIABAHEB46BwgAEA0QgAQ6CAgAEAgQBxAeOggIABAFEAcQHjoGCAAQBRAeOgYIABAIEB46CgghEKABEMMEEApKBAhBGABQplhYp3VgnndoAXABeACAAW2IAdMMkgEEMTcuM5gBAKABAcgBCMABAQ&sclient=gws-wiz-serp","application support macOS Ventura - Google Search","2023-03-11 16:44:45"
"https://www.google.com/search?q=+browser+history+File+path++on+macOS+Ventura++&sxsrf=AJOqlzVgeJ13Xzr-WLUJOYyDWB_hZjVWXA%3A1678581839666&ei=TyANZI2zKKWNur8PyN-TiA8&ved=0ahUKEwjNlp7SlNX9AhWlhu4BHcjvBPEQ4dUDCBA&uact=5&oq=+browser+history+File+path++on+macOS+Ventura++&gs_lcp=Cgxnd3Mtd2l6LXNlcnAQAzIFCCEQoAEyBQghEKABMgUIIRCgATIFCCEQoAEyBQghEKABMgUIIRCrAjIFCCEQqwI6BggAEAcQHjoFCAAQgAQ6BQgAEIYDOgYIABAWEB46CAgAEBYQHhAPOggIIRAWEB4QHToHCCEQoAEQCjoKCCEQFhAeEA8QHUoECEEYAFAAWMIcYNMdaAJwAXgAgAGKAYgBmQmSAQMzLjiYAQCgAQGgAQLAAQE&sclient=gws-wiz-serp","browser history File path on macOS Ventura - Google Search","2023-03-11 16:44:25"
"https://forums.macrumors.com/threads/where-does-chrome-store-history.1029029/","Where does Chrome store history? | MacRumors Forums","2023-03-11 16:44:20"
"https://www.google.com/search?q=macOS+Ventura+++browser+history+File+path&sxsrf=AJOqlzXtdzSukAf1v0RDCbyMspyUbgU27Q%3A1678581798736&ei=JiANZKvNLJj0kPIPxMiomAQ&ved=0ahUKEwir-Nu-lNX9AhUYOkQIHUQkCkMQ4dUDCBA&uact=5&oq=macOS+Ventura+++browser+history+File+path&gs_lcp=Cgxnd3Mtd2l6LXNlcnAQAzIFCCEQqwI6BAgAEEc6BQgAEKIESgQIQRgAULINWLINYOU5aABwAngAgAFxiAHMAZIBAzEuMZgBAKABAcgBCMABAQ&sclient=gws-wiz-serp","macOS Ventura browser history File path - Google Search","2023-03-11 16:44:00"
"https://www.google.com/search?q=macOS+Ventura+++browserhistory+File+path&sxsrf=AJOqlzWXdHFOSIdqtSnM5XFi60vUrU7RHQ%3A1678581784580&ei=GCANZO2AI4adkPIPlImX8A0&ved=0ahUKEwjt7Pu3lNX9AhWGDkQIHZTEBd4Q4dUDCBA&uact=5&oq=macOS+Ventura+++browserhistory+File+path&gs_lcp=Cgxnd3Mtd2l6LXNlcnAQAzIECCMQJzoKCAAQRxDWBBCwA0oECEEYAFD2BVjxB2DhCmgBcAF4AIABc4gBtwGSAQMxLjGYAQCgAQHIAQjAAQE&sclient=gws-wiz-serp#ip=1","macOS Ventura browserhistory File path - Google Search","2023-03-11 16:43:25"
"https://www.google.com/search?q=macOS+Ventura+++browserhistory+File+path&sxsrf=AJOqlzWXdHFOSIdqtSnM5XFi60vUrU7RHQ%3A1678581784580&ei=GCANZO2AI4adkPIPlImX8A0&ved=0ahUKEwjt7Pu3lNX9AhWGDkQIHZTEBd4Q4dUDCBA&uact=5&oq=macOS+Ventura+++browserhistory+File+path&gs_lcp=Cgxnd3Mtd2l6LXNlcnAQAzIECCMQJzoKCAAQRxDWBBCwA0oECEEYAFD2BVjxB2DhCmgBcAF4AIABc4gBtwGSAQMxLjGYAQCgAQHIAQjAAQE&sclient=gws-wiz-serp","macOS Ventura browserhistory File path - Google Search","2023-03-11 16:43:19"
"https://www.google.com/search?q=macOS+Ventura+browserhistory+File+path&sxsrf=AJOqlzU_ECG7AbjKRE3guJTwKPCL-md1qg%3A1678581748444&ei=9B8NZL3kGsDVkPIP5qqc4AM&ved=0ahUKEwi9rt6mlNX9AhXAKkQIHWYVBzwQ4dUDCBA&uact=5&oq=macOS+Ventura+browserhistory+File+path&gs_lcp=Cgxnd3Mtd2l6LXNlcnAQAzIHCCEQoAEQCjoKCAAQRxDWBBCwAzoFCCEQqwI6BQghEKABSgQIQRgAUJcTWJwqYKstaAFwAXgAgAGZAYgB0gqSAQQxLjEwmAEAoAEByAEIwAEB&sclient=gws-wiz-serp","macOS Ventura browserhistory File path - Google Search","2023-03-11 16:43:05"
"https://www.google.com/search?q=macOS+Ventura+browserhistory&oq=macOS+Ventura+browserhistory&aqs=chrome..69i57j33i10i160l3j33i299.18384j0j7&sourceid=chrome&ie=UTF-8","macOS Ventura browserhistory - Google Search","2023-03-11 16:42:56"
"https://www.wikihow.com/View-Your-Browser-History-on-a-Mac","How to Find Browsing History on Mac: Safari, Chrome, Firefox","2023-03-11 16:42:35"
"https://discussionschinese.apple.com/thread/254346294","macOS ventura怎么设置开机启动软件 - Apple 社区","2023-03-11 16:36:57"
"https://www.google.com/search?q=%E5%A6%82%E4%BD%95%E5%85%B3%E9%97%AD%E5%BC%80%E6%9C%BA%E5%90%AF%E5%8A%A8%E9%A1%B9+mac+ventura&sxsrf=AJOqlzV67ExOyIsGTTzX62f4PBRj2NFuLQ%3A1678581228632&ei=7B0NZP2TJqiC0PEPw_ygqAI&ved=0ahUKEwj9ue-uktX9AhUoATQIHUM-CCUQ4dUDCBA&uact=5&oq=%E5%A6%82%E4%BD%95%E5%85%B3%E9%97%AD%E5%BC%80%E6%9C%BA%E5%90%AF%E5%8A%A8%E9%A1%B9+mac+ventura&gs_lcp=Cgxnd3Mtd2l6LXNlcnAQAzIFCAAQogQyBQgAEKIEOgoIABBHENYEELADOgUIIRCgAToJCCEQoAEQChAqSgQIQRgAUNWLAVjExgFg4scBaAVwAXgAgAHfAYgBpwiSAQU0LjQuMZgBAKABAcgBCsABAQ&sclient=gws-wiz-serp","如何关闭开机启动项 mac ventura - Google Search","2023-03-11 16:36:54"
"https://www.google.com/search?q=%E5%A6%82%E4%BD%95%E5%85%B3%E9%97%AD%E5%BC%80%E6%9C%BA%E5%90%AF%E5%8A%A8%E9%A1%B9+mac&oq=%E5%A6%82%E4%BD%95%E5%85%B3%E9%97%AD%E5%BC%80%E6%9C%BA%E5%90%AF%E5%8A%A8%E9%A1%B9+mac&aqs=chrome..69i57j0i546l3.17092j0j7&sourceid=chrome&ie=UTF-8","如何关闭开机启动项 mac - Google Search","2023-03-11 16:36:27"
"https://cloud.tencent.com/developer/article/1509907","Mac电脑如何彻底关掉开机自动开启的应用程序 - 腾讯云开发者社区-腾讯云","2023-03-11 16:35:33"
"https://blog.csdn.net/watson2017/article/details/79908968","Mac如何关闭开机启动项_mac开机自启动程序关闭方法_培根芝士的博客-CSDN博客","2023-03-11 16:34:32"
"https://medium.com/@shimo164/search-your-chrome-history-with-python-7d72ed7265b9","Search your Chrome-history with Python | by shimo | Medium","2023-03-11 16:29:44"
"https://support.apple.com/en-us/HT213268","What's new in the updates for macOS Ventura - Apple Support","2023-03-11 16:29:42"
"https://gist.github.com/dropmeaword/9372cbeb29e8390521c2","Playing around with Chrome's history","2023-03-11 16:29:34"
"https://www.google.com/search?q=mac+ventura+13.2.1+google+history+file+path&sxsrf=AJOqlzWA8rsRIeBaZUvCtNhdZOD5_cxRWQ%3A1678579769940&ei=ORgNZKj-OMOu0PEPyo2ckAM&oq=mac+ventura+13.2.1&gs_lcp=Cgxnd3Mtd2l6LXNlcnAQAxgBMgUIIRCgATIFCCEQoAE6CggAEEcQ1gQQsAM6BAgjECc6BQgAEJECOgQIABBDOgsIABCABBCxAxCDAToFCAAQgAQ6DQguEIAEEBQQhwIQsQM6BAguEEM6CAgAEIAEELEDOgcIABCxAxBDOgsILhCABBDHARDRAzoLCC4QxwEQ0QMQgAQ6CggAEIAEEBQQhwI6BggAEBYQHjoICAAQFhAeEAo6BwgAEIAEEApKBAhBGABQrAtYnl5g1HRoBXABeACAAXmIAb0OkgEEMTMuN5gBAKABAcgBCMABAQ&sclient=gws-wiz-serp","mac ventura 13.2.1 google history file path - Google Search","2023-03-11 16:15:21"
"https://gist.github.com/dropmeaword/9372cbeb29e8390521c2#:~:text=Chrome%20keeps%20its%20history%2C%20in,modify%20the%20sql%20code%20slightly.","Playing around with Chrome's history","2023-03-11 16:10:57"
"https://gist.github.com/auth/github?return_to=https%3A%2F%2Fgist.github.com%2Fdropmeaword%2F9372cbeb29e8390521c2#:~:text=Chrome%20keeps%20its%20history%2C%20in,modify%20the%20sql%20code%20slightly.","Playing around with Chrome's history","2023-03-11 16:10:57"
"https://github.com/login/oauth/authorize?client_id=7e0a3cd836d3e544dbd9&redirect_uri=https%3A%2F%2Fgist.github.com%2Fauth%2Fgithub%2Fcallback%3Freturn_to%3Dhttps%253A%252F%252Fgist.github.com%252Fdropmeaword%252F9372cbeb29e8390521c2&response_type=code&state=626228a3c986bcc0e88be29269633bc8611a95d8b1a49078ec19365b7b2a2504#:~:text=Chrome%20keeps%20its%20history%2C%20in,modify%20the%20sql%20code%20slightly.","Playing around with Chrome's history","2023-03-11 16:10:57"
"https://gist.github.com/auth/github/callback?return_to=https://gist.github.com/dropmeaword/9372cbeb29e8390521c2&browser_session_id=39b66d8e77c1b9797ec1810189a90e82118ff69a5c124dfe41cd12e3b0777de6&code=89d6bb342a670ff3a92c&state=626228a3c986bcc0e88be29269633bc8611a95d8b1a49078ec19365b7b2a2504#:~:text=Chrome%20keeps%20its%20history%2C%20in,modify%20the%20sql%20code%20slightly.","Playing around with Chrome's history","2023-03-11 16:10:57"
"https://www.google.com/search?q=mac+google+history+file+path&oq=mac+google+history+file+path&aqs=chrome..69i57j33i160l2.9173j0j7&sourceid=chrome&ie=UTF-8","mac google history file path - Google Search","2023-03-11 16:09:30"
"https://medium.com/@shimo164/search-your-chrome-history-with-python-7d72ed7265b9?source=user_profile---------9----------------------------","Search your Chrome-history with Python | by shimo | Medium","2023-03-11 16:03:03"
"https://www.google.com/search?q=python+read+chrome+history&sxsrf=AJOqlzVENWGxXNGI_0QGjAml-WKlprtX5w%3A1678579365417&ei=pRYNZJuLGfWC0PEPnPKekAM&oq=write_browserhistory_csv&gs_lcp=Cgxnd3Mtd2l6LXNlcnAQARgBMgcIIxCwAxAnMgoIABBHENYEELADMgoIABBHENYEELADSgQIQRgAUABYAGCQFGgBcAF4AIABAIgBAJIBAJgBAMgBA8ABAQ&sclient=gws-wiz-serp","python read chrome history - Google Search","2023-03-11 16:02:59"
"https://stackoverflow.com/questions/30777897/python-3-4-google-chrome-history","python 3.4 Google Chrome history - Stack Overflow","2023-03-11 16:02:52"
"https://www.google.com/search?q=write_browserhistory_csv+&sxsrf=AJOqlzX0Ky2_kSGMI3hclZWP3QrXeaZmpw%3A1678579344545&ei=kBYNZIf3IKC60PEP6eqs8Ac&ved=0ahUKEwiH_7usi9X9AhUgHTQIHWk1C34Q4dUDCBA&uact=5&oq=write_browserhistory_csv+&gs_lcp=Cgxnd3Mtd2l6LXNlcnAQAzIECCMQJzoKCAAQRxDWBBCwA0oECEEYAFC5DFi5DGDWE2gBcAF4AIABS4gBS5IBATGYAQCgAQHIAQjAAQE&sclient=gws-wiz-serp","write_browserhistory_csv - Google Search","2023-03-11 16:02:46"
"https://www.google.com/search?q=write_browserhistory_csv+safari+permission+denied&sxsrf=AJOqlzVdOFwndFVhazxXDB36s6-so0EN8Q%3A1678579330464&ei=ghYNZKiAHJve0PEP_uya0AI&ved=0ahUKEwioyeCli9X9AhUbLzQIHX62BioQ4dUDCBA&uact=5&oq=write_browserhistory_csv+safari+permission+denied&gs_lcp=Cgxnd3Mtd2l6LXNlcnAQAzIFCAAQogQyBQgAEKIEMgUIABCiBDIFCAAQogQ6CggAEEcQ1gQQsANKBAhBGABQzhVYi1lg6FxoBXABeACAAZABiAG6B5IBAzQuNZgBAKABAcgBCMABAQ&sclient=gws-wiz-serp","write_browserhistory_csv safari permission denied - Google Search","2023-03-11 16:02:39"
"https://github.com/pesos/browser-history/issues/56","[BUG] Mac OS safari Permission Error · Issue #56 · browser-history/browser-history","2023-03-11 16:02:37"
"https://github.com/browser-history/browser-history/issues/56","[BUG] Mac OS safari Permission Error · Issue #56 · browser-history/browser-history","2023-03-11 16:02:37"
"https://www.google.com/search?q=write_browserhistory_csv+permission+denied&sxsrf=AJOqlzWN-MPjYMSdLkBspwfw2LaB1SFvuA%3A1678578972512&ei=HBUNZPjzHubn0PEP15WhsA4&oq=write_browserhistory_csv++permiss&gs_lcp=Cgxnd3Mtd2l6LXNlcnAQARgAMgcIIRCgARAKMgcIIRCgARAKMgcIIRCgARAKOgcIIxDqAhAnOg0IABCPARDqAhC0AhgBOg0ILhCPARDqAhC0AhgBOgUIABCiBDoFCCEQqwJKBAhBGABQ4QJYgxlgyiNoAXABeACAAYMBiAGbCJIBAzMuN5gBAKABAaABArABFMABAdoBBggBEAEYCg&sclient=gws-wiz-serp","write_browserhistory_csv permission denied - Google Search","2023-03-11 16:02:11"
"https://www.google.com/search?q=browserhistory+python++*+SAFARI+Database+Permission+Denied.&sxsrf=AJOqlzU6M10S6RRlmBO7lA-ZWv2xf5ZoNw%3A1678578958524&ei=DhUNZM3OH7TE9AOn0b6QAw&ved=0ahUKEwjNjbP0idX9AhU0In0KHaeoDzIQ4dUDCBA&uact=5&oq=browserhistory+python++*+SAFARI+Database+Permission+Denied.&gs_lcp=Cgxnd3Mtd2l6LXNlcnAQAzoKCAAQRxDWBBCwAzoFCCEQoAFKBAhBGABQ1QNYvRpg5xxoAXABeACAAYQBiAH9ApIBAzMuMZgBAKABAqABAcgBBcABAQ&sclient=gws-wiz-serp","browserhistory python * SAFARI Database Permission Denied. - Google Search","2023-03-11 15:56:44"
"https://www.google.com/search?q=browserhistory+python&sxsrf=AJOqlzW-pklzwExHW-jzmVWJdoJ9yWEFEQ%3A1678578939665&ei=-xQNZOiaKPOA0PEP6cmISA&ved=0ahUKEwiohLTridX9AhVzADQIHekkAgkQ4dUDCBA&uact=5&oq=browserhistory+python&gs_lcp=Cgxnd3Mtd2l6LXNlcnAQAzIFCAAQgAQyBQgAEIYDMgUIABCGAzoKCAAQRxDWBBCwAzoHCAAQsAMQQzoECAAQQzoGCAAQFhAeSgQIQRgAUK0NWMwYYLMbaAFwAXgAgAFaiAHMBJIBATeYAQCgAQHIAQrAAQE&sclient=gws-wiz-serp","browserhistory python - Google Search","2023-03-11 15:55:59"
"https://www.google.com/search?q=browserhistory&oq=browserhistory&aqs=chrome..69i57j0i512l2j0i10i512j0i512l5j0i10i512.597j0j7&sourceid=chrome&ie=UTF-8","browserhistory - Google Search","2023-03-11 15:55:40"
"https://chat.openai.com/chat?__cf_chl_rt_tk=SNiBIAI0SU79du3tmqiyP1x6T5H3Bv.dQGjncLxpUH0-1678578233-0-gaNycGzNF5A","https://chat.openai.com/chat?__cf_chl_rt_tk=SNiBIAI0SU79du3tmqiyP1x6T5H3Bv.dQGjncLxpUH0-1678578233-0-gaNycGzNF5A","2023-03-11 15:43:53"
